model_name,avg_accuracy,avg_auc,avg_precision,avg_recall,avg_f1
densenet,0.9479115588641734,0.8366377338716322,0.3815815330915652,0.12810219108649354,0.17602469537969334
