epoch,train_loss,val_loss
1,0.1619026217507667,0.15404435549217257
2,0.15127567283234925,0.1508691300701857
3,0.14733526170648367,0.15025264868810434
4,0.14444732521263495,0.1476965736442044
5,0.142028784350688,0.1505664119730872
6,0.13989348665022985,0.14901925974794225
7,0.12919251891540015,0.146353291591515
8,0.12484793509620877,0.14763766122935917
9,0.12172693951278446,0.14940558903152393
10,0.11737748447896985,0.1496157518239601
